drone_id,px,py,pz
0,0.0,20.0,-20.0
1,10.0,20.0,-10.0
2,1.2246467991473533e-15,20.0,0.0
3,-10.0,20.0,-9.999999999999998
